Date,Visitor,Visitor_Score,Home,Home_Score,OT,Division
2024-09-21,Minnesota-Duluth,2,Ohio State,1,0,WCHA
2024-09-21,St. Cloud State,4,Lindenwood,0,0,Non-Conference
2024-09-22,St. Cloud State,6,Lindenwood,2,0,Non-Conference
2024-09-22,Minnesota-Duluth,4,Ohio State,3,0,WCHA
2024-09-26,Northeastern,3,Penn State,1,0,Non-Conference
2024-09-27,St. Lawrence,3,Merrimack,0,0,Non-Conference
2024-09-27,Northeastern,1,Penn State,2,0,Non-Conference
2024-09-27,Minnesota,4,Connecticut,1,0,Non-Conference
2024-09-27,Quinnipiac,7,Maine,0,0,Non-Conference
2024-09-27,Colgate,3,Mercyhurst,2,0,Non-Conference
2024-09-27,Holy Cross,3,Rensselaer,2,0,Non-Conference
2024-09-27,Assumption,0,RIT,3,0,Non-Conference
2024-09-27,Clarkson,9,Saint Michael's,0,0,Non-Conference
2024-09-27,Union,1,Robert Morris,3,0,Non-Conference
2024-09-27,Lindenwood,0,Wisconsin,12,0,Non-Conference
2024-09-27,Ohio State,8,Bemidji State,2,0,WCHA
2024-09-28,Lindenwood,1,Wisconsin,8,0,Non-Conference
2024-09-28,Minnesota,3,Connecticut,2,1,Non-Conference
2024-09-28,Quinnipiac,4,Maine,0,0,Non-Conference
2024-09-28,Clarkson,14,Saint Michael's,0,0,Non-Conference
2024-09-28,Assumption,0,RIT,5,0,Non-Conference
2024-09-28,Union,4,Robert Morris,2,0,Non-Conference
2024-09-28,Colgate,3,Mercyhurst,4,1,Non-Conference
2024-09-28,Holy Cross,0,Rensselaer,2,0,Non-Conference
2024-09-28,Boston College,5,Stonehill,1,0,Non-Conference
2024-09-28,Ohio State,3,Bemidji State,0,0,WCHA
2024-10-01,Merrimack,1,Boston University,7,0,Hockey East
2024-10-04,Rensselaer,1,Sacred Heart,2,1,Non-Conference
2024-10-04,Penn State,2,Connecticut,3,0,Non-Conference
2024-10-04,Stonehill,0,Syracuse,4,0,Non-Conference
2024-10-04,Vermont,2,Clarkson,6,0,Non-Conference
2024-10-04,Minnesota-Duluth,3,Colgate,2,0,Non-Conference
2024-10-04,Saint Anselm,1,Holy Cross,5,0,Non-Conference
2024-10-04,Boston University,0,Minnesota,1,0,Non-Conference
2024-10-04,Long Island,0,Minnesota State,4,0,Non-Conference
2024-10-04,Assumption,0,New Hampshire,6,0,Non-Conference
2024-10-04,Saint Michael's,0,Providence,8,0,Non-Conference
2024-10-04,Mercyhurst,1,St. Cloud State,2,0,Non-Conference
2024-10-04,Ohio State,3,St. Lawrence,2,1,Non-Conference
2024-10-04,RIT,0,Union,4,0,Non-Conference
2024-10-04,Post,0,St. Thomas,7,0,Non-Conference
2024-10-04,Wisconsin,7,Boston College,1,0,Non-Conference
2024-10-04,Quinnipiac,2,Northeastern,4,0,Non-Conference
2024-10-04,Bemidji State,0,Robert Morris,2,0,Non-Conference
2024-10-05,Mercyhurst,0,St. Cloud State,2,0,Non-Conference
2024-10-05,Saint Michael's,0,Providence,6,0,Non-Conference
2024-10-05,Vermont,1,Clarkson,5,0,Non-Conference
2024-10-05,Minnesota-Duluth,2,Colgate,3,0,Non-Conference
2024-10-05,Penn State,4,Connecticut,2,0,Non-Conference
2024-10-05,Long Island,1,Minnesota State,4,0,Non-Conference
2024-10-05,Quinnipiac,3,Northeastern,0,0,Non-Conference
2024-10-05,Stonehill,0,Syracuse,4,0,Non-Conference
2024-10-05,Bemidji State,3,Robert Morris,4,1,Non-Conference
2024-10-05,Ohio State,5,St. Lawrence,3,0,Non-Conference
2024-10-05,RIT,4,Union,3,1,Non-Conference
2024-10-05,Assumption,1,New Hampshire,1,1,Non-Conference
2024-10-05,Post,1,St. Thomas,4,0,Non-Conference
2024-10-05,Wisconsin,7,Boston College,0,0,Non-Conference
2024-10-05,Holy Cross,3,Saint Anselm,2,0,Non-Conference
2024-10-05,Sacred Heart,0,Rensselaer,4,0,Non-Conference
2024-10-06,Boston University,2,Minnesota,5,0,Non-Conference
2024-10-08,Providence,0,Quinnipiac,1,0,Non-Conference
2024-10-08,Syracuse,2,St. Lawrence,4,0,Non-Conference
2024-10-10,Boston College,1,Holy Cross,4,0,Hockey East
2024-10-11,Long Island,2,Stonehill,0,0,NEWHA
2024-10-11,Post,4,Saint Michael's,0,0,NEWHA
2024-10-11,Saint Anselm,4,Sacred Heart,3,0,NEWHA
2024-10-11,Franklin Pierce,4,Assumption,1,0,NEWHA
2024-10-11,Minnesota State,3,St. Thomas,4,0,WCHA
2024-10-11,Minnesota,3,Ohio State,4,0,WCHA
2024-10-11,St. Cloud State,1,Bemidji State,0,0,WCHA
2024-10-11,Robert Morris,0,Clarkson,4,0,Non-Conference
2024-10-11,Mercyhurst,0,St. Lawrence,3,0,Non-Conference
2024-10-11,Rensselaer,2,Syracuse,1,0,Non-Conference
2024-10-11,Colgate,5,RIT,1,0,Non-Conference
2024-10-11,Penn State,4,Union,2,0,Non-Conference
2024-10-11,Providence,3,Maine,2,1,Hockey East
2024-10-11,Connecticut,5,New Hampshire,1,0,Hockey East
2024-10-11,Merrimack,3,Vermont,2,0,Hockey East
2024-10-11,Boston University,0,Northeastern,4,0,Hockey East
2024-10-12,Long Island,2,Stonehill,3,0,NEWHA
2024-10-12,Saint Anselm,0,Sacred Heart,4,0,NEWHA
2024-10-12,Assumption,0,Franklin Pierce,1,1,NEWHA
2024-10-12,Post,0,Saint Michael's,1,0,NEWHA
2024-10-12,Holy Cross,1,Boston College,5,0,Hockey East
2024-10-12,Northeastern,0,Boston University,4,0,Hockey East
2024-10-12,Merrimack,3,Vermont,2,0,Hockey East
2024-10-12,New Hampshire,0,Connecticut,2,0,Hockey East
2024-10-12,Providence,2,Maine,3,0,Hockey East
2024-10-12,St. Thomas,3,Minnesota State,2,0,WCHA
2024-10-12,Minnesota-Duluth,1,Wisconsin,5,0,WCHA
2024-10-12,St. Cloud State,2,Bemidji State,0,0,WCHA
2024-10-12,Minnesota,1,Ohio State,1,1,WCHA
2024-10-12,Robert Morris,0,Clarkson,3,0,Non-Conference
2024-10-12,Colgate,2,RIT,4,0,Non-Conference
2024-10-12,Mercyhurst,1,St. Lawrence,2,0,Non-Conference
2024-10-12,Penn State,5,Union,3,0,Non-Conference
2024-10-12,Syracuse,1,Rensselaer,2,1,Non-Conference
2024-10-13,Minnesota-Duluth,3,Wisconsin,7,0,WCHA
2024-10-15,Quinnipiac,2,Providence,3,0,Non-Conference
2024-10-17,Rensselaer,3,RIT,3,1,Non-Conference
2024-10-17,Post,1,Colgate,6,0,Non-Conference
2024-10-18,Connecticut,3,Providence,2,0,Hockey East
2024-10-18,Maine,1,Boston University,2,0,Hockey East
2024-10-18,Northeastern,4,Holy Cross,4,1,Hockey East
2024-10-18,Assumption,2,Long Island,3,0,NEWHA
2024-10-18,Sacred Heart,4,Stonehill,3,0,NEWHA
2024-10-18,Saint Michael's,0,Saint Anselm,5,0,NEWHA
2024-10-18,St. Thomas,0,Minnesota-Duluth,3,0,WCHA
2024-10-18,Wisconsin,5,Minnesota,0,0,WCHA
2024-10-18,Ohio State,5,St. Cloud State,1,0,WCHA
2024-10-18,Post,1,Colgate,8,0,Non-Conference
2024-10-18,Franklin Pierce,1,Brown,8,0,Non-Conference
2024-10-18,Cornell,0,Mercyhurst,0,1,Non-Conference
2024-10-18,Union,1,New Hampshire,2,0,Non-Conference
2024-10-18,Syracuse,0,Quinnipiac,4,0,Non-Conference
2024-10-18,Rensselaer,0,RIT,2,0,Non-Conference
2024-10-18,Princeton,7,Robert Morris,1,0,Non-Conference
2024-10-18,St. Lawrence,0,Vermont,1,0,Non-Conference
2024-10-18,Dartmouth,0,Penn State,2,0,Non-Conference
2024-10-18,Lindenwood,3,Bemidji State,6,0,Non-Conference
2024-10-19,Ohio State,3,St. Cloud State,3,1,WCHA
2024-10-19,St. Thomas,0,Minnesota-Duluth,2,0,WCHA
2024-10-19,Wisconsin,4,Minnesota,3,0,WCHA
2024-10-19,Sacred Heart,2,Stonehill,0,0,NEWHA
2024-10-19,Assumption,1,Long Island,1,1,NEWHA
2024-10-19,Saint Michael's,3,Saint Anselm,4,1,NEWHA
2024-10-19,Cornell,1,Mercyhurst,2,0,Non-Conference
2024-10-19,St. Lawrence,5,Vermont,0,0,Non-Conference
2024-10-19,Dartmouth,1,Penn State,4,0,Non-Conference
2024-10-19,Syracuse,1,Quinnipiac,4,0,Non-Conference
2024-10-19,Princeton,11,Robert Morris,1,0,Non-Conference
2024-10-19,Lindenwood,3,Bemidji State,3,1,Non-Conference
2024-10-19,Connecticut,0,Harvard,1,0,Non-Conference
2024-10-19,Union,0,New Hampshire,1,0,Non-Conference
2024-10-19,Brown,6,Franklin Pierce,2,0,Non-Conference
2024-10-19,Maine,0,Boston University,2,0,Hockey East
2024-10-19,Holy Cross,2,Northeastern,4,0,Hockey East
2024-10-19,Boston College,2,Merrimack,1,0,Hockey East
2024-10-22,Mercyhurst,1,Ohio State,5,0,Non-Conference
2024-10-22,Saint Anselm,0,Yale,9,0,Non-Conference
2024-10-24,Bemidji State,0,Wisconsin,4,0,WCHA
2024-10-25,Franklin Pierce,3,Post,2,0,NEWHA
2024-10-25,Dartmouth,1,Rensselaer,3,0,ECAC
2024-10-25,Harvard,0,Union,3,0,ECAC
2024-10-25,Quinnipiac,1,Brown,2,1,ECAC
2024-10-25,Princeton,1,Yale,3,0,ECAC
2024-10-25,Cornell,2,Penn State,0,0,Non-Conference
2024-10-25,St. Lawrence,4,RIT,1,0,Non-Conference
2024-10-25,Robert Morris,6,Saint Anselm,1,0,Non-Conference
2024-10-25,Maine,3,Colgate,8,0,Non-Conference
2024-10-25,Lindenwood,1,Merrimack,5,0,Non-Conference
2024-10-25,Boston University,4,Syracuse,1,0,Non-Conference
2024-10-25,Ohio State,11,Stonehill,0,0,Non-Conference
2024-10-25,Minnesota State,2,Minnesota,8,0,WCHA
2024-10-25,St. Cloud State,1,St. Thomas,1,1,WCHA
2024-10-25,Bemidji State,0,Wisconsin,6,0,WCHA
2024-10-25,Vermont,4,New Hampshire,3,0,Hockey East
2024-10-25,Northeastern,1,Providence,2,0,Hockey East
2024-10-26,St. Thomas,1,St. Cloud State,3,0,WCHA
2024-10-26,Minnesota,3,Minnesota State,2,1,WCHA
2024-10-26,Robert Morris,7,Saint Anselm,1,0,Non-Conference
2024-10-26,St. Lawrence,2,RIT,2,1,Non-Conference
2024-10-26,Lindenwood,1,Merrimack,4,0,Non-Conference
2024-10-26,Clarkson,1,Boston College,3,0,Non-Conference
2024-10-26,Penn State,11,Stonehill,1,0,Non-Conference
2024-10-26,Maine,1,Colgate,4,0,Non-Conference
2024-10-26,Boston University,3,Syracuse,2,0,Non-Conference
2024-10-26,Cornell,3,Ohio State,7,0,Non-Conference
2024-10-26,Princeton,3,Brown,4,0,ECAC
2024-10-26,Harvard,0,Rensselaer,3,0,ECAC
2024-10-26,Dartmouth,1,Union,2,0,ECAC
2024-10-26,Quinnipiac,1,Yale,1,1,ECAC
2024-10-26,Vermont,2,New Hampshire,3,1,Hockey East
2024-10-26,Post,3,Franklin Pierce,2,1,NEWHA
2024-10-27,Clarkson,3,Boston College,4,0,Non-Conference
2024-10-31,Syracuse,2,Penn State,3,1,AHA
2024-11-01,Vermont,1,Maine,5,0,Hockey East
2024-11-01,Providence,1,Boston University,5,0,Hockey East
2024-11-01,Holy Cross,1,Connecticut,2,1,Hockey East
2024-11-01,Northeastern,4,New Hampshire,1,0,Hockey East
2024-11-01,Rensselaer,1,Colgate,4,0,ECAC
2024-11-01,Union,3,Cornell,2,0,ECAC
2024-11-01,Brown,2,Dartmouth,1,0,ECAC
2024-11-01,Yale,1,Harvard,5,0,ECAC
2024-11-01,St. Lawrence,6,Princeton,2,0,ECAC
2024-11-01,Clarkson,0,Quinnipiac,3,0,ECAC
2024-11-01,Wisconsin,6,St. Cloud State,0,0,WCHA
2024-11-01,Ohio State,5,St. Thomas,1,0,WCHA
2024-11-01,Minnesota,2,Bemidji State,1,0,WCHA
2024-11-01,Minnesota-Duluth,4,Minnesota State,1,0,WCHA
2024-11-01,Syracuse,2,Penn State,5,0,AHA
2024-11-01,Mercyhurst,3,Lindenwood,1,0,AHA
2024-11-01,Robert Morris,2,RIT,2,1,AHA
2024-11-01,Sacred Heart,2,Long Island,3,0,NEWHA
2024-11-01,Franklin Pierce,4,Saint Anselm,3,0,NEWHA
2024-11-01,Stonehill,5,Saint Michael's,1,0,NEWHA
2024-11-01,Assumption,2,Post,1,0,NEWHA
2024-11-02,Mercyhurst,1,Lindenwood,2,0,AHA
2024-11-02,Robert Morris,1,RIT,5,0,AHA
2024-11-02,Wisconsin,4,St. Cloud State,0,0,WCHA
2024-11-02,Ohio State,1,St. Thomas,0,1,WCHA
2024-11-02,Minnesota,4,Bemidji State,1,0,WCHA
2024-11-02,Minnesota-Duluth,3,Minnesota State,3,1,WCHA
2024-11-02,Connecticut,2,Holy Cross,0,0,Hockey East
2024-11-02,Vermont,2,Maine,1,0,Hockey East
2024-11-02,New Hampshire,2,Northeastern,0,0,Hockey East
2024-11-02,Merrimack,3,Boston College,7,0,Hockey East
2024-11-02,Boston University,3,Providence,2,0,Hockey East
2024-11-02,Long Island,0,Sacred Heart,1,0,NEWHA
2024-11-02,Stonehill,3,Saint Michael's,1,0,NEWHA
2024-11-02,Post,3,Assumption,7,0,NEWHA
2024-11-02,Saint Anselm,3,Franklin Pierce,7,0,NEWHA
2024-11-02,Union,3,Colgate,4,0,ECAC
2024-11-02,Rensselaer,0,Cornell,7,0,ECAC
2024-11-02,Yale,2,Dartmouth,1,0,ECAC
2024-11-02,Brown,5,Harvard,1,0,ECAC
2024-11-02,St. Lawrence,1,Quinnipiac,3,0,ECAC
2024-11-02,Clarkson,6,Princeton,3,0,ECAC
2024-11-07,Boston University,5,Merrimack,1,0,Hockey East
2024-11-07,Lindenwood,2,St. Thomas,7,0,Non-Conference
2024-11-08,Lindenwood,6,St. Thomas,1,0,Non-Conference
2024-11-08,Rensselaer,3,St. Lawrence,3,1,ECAC
2024-11-08,Colgate,4,Brown,3,1,ECAC
2024-11-08,Union,2,Clarkson,3,1,ECAC
2024-11-08,Quinnipiac,2,Dartmouth,1,1,ECAC
2024-11-08,Princeton,5,Harvard,3,0,ECAC
2024-11-08,Cornell,2,Yale,0,0,ECAC
2024-11-08,Merrimack,3,Boston University,3,1,Hockey East
2024-11-08,Northeastern,1,Connecticut,0,0,Hockey East
2024-11-08,Boston College,3,Maine,1,0,Hockey East
2024-11-08,Providence,3,New Hampshire,7,0,Hockey East
2024-11-08,Saint Michael's,0,Long Island,5,0,NEWHA
2024-11-08,Post,1,Saint Anselm,2,0,NEWHA
2024-11-08,Stonehill,2,Franklin Pierce,1,0,NEWHA
2024-11-08,Sacred Heart,1,Assumption,0,0,NEWHA
2024-11-09,Holy Cross,2,Vermont,1,1,Hockey East
2024-11-09,Connecticut,0,Northeastern,1,0,Hockey East
2024-11-09,New Hampshire,3,Providence,6,0,Hockey East
2024-11-09,Boston College,5,Maine,1,0,Hockey East
2024-11-09,Franklin Pierce,3,Stonehill,2,0,NEWHA
2024-11-09,Saint Michael's,0,Long Island,1,0,NEWHA
2024-11-09,Post,2,Saint Anselm,2,1,NEWHA
2024-11-09,Assumption,0,Sacred Heart,4,0,NEWHA
2024-11-09,Cornell,2,Brown,1,0,ECAC
2024-11-09,Rensselaer,0,Clarkson,2,0,ECAC
2024-11-09,Princeton,4,Dartmouth,3,0,ECAC
2024-11-09,Quinnipiac,1,Harvard,0,0,ECAC
2024-11-09,Union,0,St. Lawrence,3,0,ECAC
2024-11-09,Colgate,4,Yale,3,0,ECAC
2024-11-12,Quinnipiac,1,Long Island,0,0,Non-Conference
2024-11-13,Clarkson,1,St. Lawrence,1,1,Non-Conference
2024-11-15,Vermont,1,Providence,1,1,Hockey East
2024-11-15,Boston College,3,Boston University,2,1,Hockey East
2024-11-15,New Hampshire,3,Holy Cross,2,1,Hockey East
2024-11-15,Connecticut,3,Merrimack,2,0,Hockey East
2024-11-15,Maine,1,Northeastern,2,0,Hockey East
2024-11-15,Stonehill,0,Post,1,0,NEWHA
2024-11-15,Assumption,2,Saint Anselm,3,1,NEWHA
2024-11-15,Long Island,1,Franklin Pierce,0,0,NEWHA
2024-11-15,Sacred Heart,6,Saint Michael's,0,0,NEWHA
2024-11-15,Lindenwood,2,Penn State,3,1,AHA
2024-11-15,RIT,2,Syracuse,4,0,AHA
2024-11-15,Mercyhurst,2,Robert Morris,0,0,AHA
2024-11-15,Dartmouth,1,Colgate,5,0,ECAC
2024-11-15,Harvard,1,Cornell,5,0,ECAC
2024-11-15,Minnesota,4,Minnesota-Duluth,1,0,WCHA
2024-11-15,Wisconsin,4,Ohio State,2,0,WCHA
2024-11-15,Minnesota State,4,St. Cloud State,1,0,WCHA
2024-11-15,St. Thomas,1,Bemidji State,4,0,WCHA
2024-11-15,St. Lawrence,0,Clarkson,2,0,Non-Conference
2024-11-16,Lindenwood,1,Penn State,7,0,AHA
2024-11-16,Syracuse,1,RIT,0,0,AHA
2024-11-16,Mercyhurst,5,Robert Morris,0,0,AHA
2024-11-16,Post,0,Stonehill,3,0,NEWHA
2024-11-16,Sacred Heart,4,Saint Michael's,1,0,NEWHA
2024-11-16,Long Island,6,Franklin Pierce,3,0,NEWHA
2024-11-16,Saint Anselm,1,Assumption,3,0,NEWHA
2024-11-16,Maine,0,Northeastern,2,0,Hockey East
2024-11-16,Vermont,0,Providence,0,1,Hockey East
2024-11-16,Merrimack,0,Connecticut,2,0,Hockey East
2024-11-16,Boston University,3,Boston College,1,0,Hockey East
2024-11-16,Holy Cross,0,New Hampshire,2,0,Hockey East
2024-11-16,Brown,1,Yale,4,0,ECAC
2024-11-16,Harvard,0,Colgate,3,0,ECAC
2024-11-16,Dartmouth,0,Cornell,4,0,ECAC
2024-11-16,St. Thomas,3,Bemidji State,4,0,WCHA
2024-11-16,Wisconsin,2,Ohio State,3,0,WCHA
2024-11-16,Minnesota State,2,St. Cloud State,3,1,WCHA
2024-11-16,Minnesota,3,Minnesota-Duluth,2,0,WCHA
2024-11-17,Yale,3,Brown,0,0,ECAC
2024-11-20,Union,1,Vermont,0,0,Non-Conference
2024-11-22,Post,2,Long Island,3,1,NEWHA
2024-11-22,Franklin Pierce,1,Sacred Heart,3,0,NEWHA
2024-11-22,Saint Anselm,5,Stonehill,2,0,NEWHA
2024-11-22,Assumption,5,Saint Michael's,4,1,NEWHA
2024-11-22,Connecticut,2,Boston College,3,0,Hockey East
2024-11-22,New Hampshire,1,Vermont,0,0,Hockey East
2024-11-22,Robert Morris,0,Penn State,5,0,AHA
2024-11-22,RIT,1,Mercyhurst,2,0,AHA
2024-11-22,Syracuse,2,Lindenwood,1,0,AHA
2024-11-22,Bemidji State,1,Minnesota-Duluth,8,0,WCHA
2024-11-22,St. Cloud State,2,Minnesota,5,0,WCHA
2024-11-22,Ohio State,2,Minnesota State,1,1,WCHA
2024-11-22,St. Thomas,1,Wisconsin,6,0,WCHA
2024-11-22,Clarkson,4,Brown,1,0,ECAC
2024-11-22,Colgate,3,Princeton,4,1,ECAC
2024-11-22,Cornell,3,Quinnipiac,3,1,ECAC
2024-11-22,St. Lawrence,2,Yale,1,0,ECAC
2024-11-22,Providence,2,Harvard,2,1,Non-Conference
2024-11-22,Merrimack,2,Rensselaer,3,0,Non-Conference
2024-11-23,Ohio State,1,Minnesota State,4,0,WCHA
2024-11-23,Bemidji State,0,Minnesota-Duluth,2,0,WCHA
2024-11-23,Minnesota,1,St. Cloud State,3,0,WCHA
2024-11-23,St. Thomas,2,Wisconsin,5,0,WCHA
2024-11-23,RIT,4,Mercyhurst,3,0,AHA
2024-11-23,Syracuse,1,Lindenwood,4,0,AHA
2024-11-23,Robert Morris,0,Penn State,4,0,AHA
2024-11-23,Stonehill,1,Saint Anselm,1,1,NEWHA
2024-11-23,Franklin Pierce,0,Sacred Heart,4,0,NEWHA
2024-11-23,Long Island,2,Post,2,1,NEWHA
2024-11-23,Assumption,3,Saint Michael's,1,0,NEWHA
2024-11-23,Harvard,2,Providence,3,1,Non-Conference
2024-11-23,Merrimack,1,Rensselaer,2,0,Non-Conference
2024-11-23,St. Lawrence,1,Brown,1,1,ECAC
2024-11-23,Cornell,4,Princeton,3,0,ECAC
2024-11-23,Clarkson,4,Yale,3,1,ECAC
2024-11-23,Colgate,4,Quinnipiac,1,0,ECAC
2024-11-23,Boston College,1,Connecticut,2,0,Hockey East
2024-11-24,Maine,3,Vermont,1,0,Hockey East
2024-11-26,Union,3,Rensselaer,2,1,ECAC
2024-11-26,Post,2,Franklin Pierce,5,0,NEWHA
2024-11-26,RIT,2,Cornell,5,0,Non-Conference
2024-11-26,New Hampshire,3,Mercyhurst,1,0,Non-Conference
2024-11-27,Princeton,8,Boston University,1,0,Non-Conference
2024-11-27,New Hampshire,1,Mercyhurst,4,0,Non-Conference
2024-11-29,Merrimack,3,Penn State,1,0,Non-Conference
2024-11-29,Quinnipiac,8,Sacred Heart,1,0,Non-Conference
2024-11-29,Princeton,5,Stonehill,0,0,Non-Conference
2024-11-29,Clarkson,5,St. Thomas,4,1,Non-Conference
2024-11-29,Connecticut,1,Yale,3,0,Non-Conference
2024-11-29,Wisconsin,9,Maine,0,0,Non-Conference
2024-11-29,Colgate,3,Syracuse,1,0,Non-Conference
2024-11-29,St. Cloud State,2,Union,2,1,Non-Conference
2024-11-29,Minnesota State,4,Dartmouth,0,0,Non-Conference
2024-11-29,Vermont,0,Minnesota-Duluth,4,0,Non-Conference
2024-11-30,St. Thomas,1,Penn State,1,1,Non-Conference
2024-11-30,Princeton,12,Stonehill,1,0,Non-Conference
2024-11-30,Assumption,0,Holy Cross,6,0,Non-Conference
2024-11-30,Merrimack,0,Clarkson,4,0,Non-Conference
2024-11-30,Connecticut,4,Sacred Heart,2,0,Non-Conference
2024-11-30,Syracuse,1,Colgate,7,0,Non-Conference
2024-11-30,Brown,3,Providence,2,0,Non-Conference
2024-11-30,St. Cloud State,2,Union,1,0,Non-Conference
2024-11-30,Minnesota State,3,Dartmouth,2,1,Non-Conference
2024-11-30,Vermont,1,Minnesota-Duluth,9,0,Non-Conference
2024-11-30,Wisconsin,6,Maine,1,0,Non-Conference
2024-11-30,Yale,1,Quinnipiac,1,1,Non-Conference
2024-11-30,Boston College,3,Northeastern,0,0,Hockey East
2024-12-01,Holy Cross,1,Brown,4,0,Non-Conference
2024-12-01,Assumption,0,Rensselaer,6,0,Non-Conference
2024-12-02,Ohio State,5,Mercyhurst,1,0,Non-Conference
2024-12-03,Sacred Heart,1,Quinnipiac,2,0,Non-Conference
2024-12-04,Providence,2,Boston College,4,0,Hockey East
2024-12-04,Northeastern,2,New Hampshire,0,0,Hockey East
2024-12-04,Saint Anselm,3,Long Island,4,1,NEWHA
2024-12-05,Saint Anselm,3,Long Island,4,1,NEWHA
2024-12-06,Sacred Heart,0,Post,3,0,NEWHA
2024-12-06,Saint Michael's,0,Franklin Pierce,5,0,NEWHA
2024-12-06,Assumption,2,Stonehill,1,0,NEWHA
2024-12-06,Vermont,2,Merrimack,1,0,Hockey East
2024-12-06,Boston College,1,Holy Cross,2,1,Hockey East
2024-12-06,Boston University,3,Maine,1,0,Hockey East
2024-12-06,Connecticut,2,New Hampshire,1,0,Hockey East
2024-12-06,Wisconsin,2,Minnesota State,1,0,WCHA
2024-12-06,Minnesota-Duluth,1,St. Cloud State,1,1,WCHA
2024-12-06,Minnesota,5,St. Thomas,0,0,WCHA
2024-12-06,Penn State,4,Mercyhurst,2,0,AHA
2024-12-06,Lindenwood,4,RIT,9,0,AHA
2024-12-06,Robert Morris,1,Syracuse,4,0,AHA
2024-12-06,Dartmouth,3,Clarkson,5,0,ECAC
2024-12-06,Brown,1,Rensselaer,4,0,ECAC
2024-12-06,Harvard,2,St. Lawrence,4,0,ECAC
2024-12-06,Yale,3,Union,1,0,ECAC
2024-12-07,Minnesota-Duluth,3,St. Cloud State,1,0,WCHA
2024-12-07,Wisconsin,5,Minnesota State,0,0,WCHA
2024-12-07,Minnesota,6,St. Thomas,2,0,WCHA
2024-12-07,Penn State,3,Mercyhurst,2,0,AHA
2024-12-07,Lindenwood,2,RIT,4,0,AHA
2024-12-07,Robert Morris,1,Syracuse,4,0,AHA
2024-12-07,Saint Michael's,0,Franklin Pierce,3,0,NEWHA
2024-12-07,Post,1,Sacred Heart,1,1,NEWHA
2024-12-07,Stonehill,2,Assumption,2,1,NEWHA
2024-12-07,Holy Cross,2,Merrimack,3,1,Hockey East
2024-12-07,Connecticut,4,Maine,3,1,Hockey East
2024-12-07,Harvard,1,Clarkson,5,0,ECAC
2024-12-07,Quinnipiac,1,Princeton,2,1,ECAC
2024-12-07,Yale,1,Rensselaer,3,0,ECAC
2024-12-07,Dartmouth,0,St. Lawrence,2,0,ECAC
2024-12-07,Brown,1,Union,4,0,ECAC
2024-12-10,Long Island,2,Princeton,4,0,Non-Conference
2024-12-13,Bemidji State,0,Minnesota State,5,0,WCHA
2024-12-13,Robert Morris,1,Long Island,1,1,Non-Conference
2024-12-14,Bemidji State,3,Minnesota State,5,0,WCHA
2024-12-14,Robert Morris,3,Long Island,1,0,Non-Conference
2024-12-14,Maine,3,Merrimack,2,0,Hockey East
2024-12-30,Dartmouth,2,New Hampshire,1,0,Non-Conference
2024-12-31,Cornell,5,RIT,1,0,Non-Conference
2025-01-01,Bemidji State,1,Minnesota,4,0,Non-Conference
2025-01-02,Syracuse,2,Minnesota-Duluth,6,0,Non-Conference
2025-01-02,Ohio State,0,Wisconsin,6,0,WCHA
2025-01-03,Bemidji State,4,Penn State,6,0,Non-Conference
2025-01-03,Syracuse,1,Minnesota-Duluth,2,0,Non-Conference
2025-01-03,Minnesota State,8,Lindenwood,1,0,Non-Conference
2025-01-03,Brown,1,Minnesota,9,0,Non-Conference
2025-01-03,Yale,8,Robert Morris,1,0,Non-Conference
2025-01-03,RIT,4,Post,1,0,Non-Conference
2025-01-03,Dartmouth,3,Harvard,2,1,ECAC
2025-01-03,Cornell,3,Clarkson,0,0,ECAC
2025-01-03,Princeton,7,Rensselaer,2,0,ECAC
2025-01-03,Colgate,2,St. Lawrence,3,0,ECAC
2025-01-03,Quinnipiac,8,Union,1,0,ECAC
2025-01-03,Boston University,3,Holy Cross,0,0,Hockey East
2025-01-03,Maine,4,New Hampshire,1,0,Hockey East
2025-01-03,Merrimack,1,Northeastern,3,0,Hockey East
2025-01-03,Providence,5,Vermont,3,0,Hockey East
2025-01-03,Connecticut,1,Boston College,1,1,Hockey East
2025-01-04,Bemidji State,5,Brown,4,0,Non-Conference
2025-01-04,Penn State,6,Minnesota,2,0,Non-Conference
2025-01-04,Minnesota State,4,Lindenwood,1,0,Non-Conference
2025-01-04,RIT,4,Post,3,0,Non-Conference
2025-01-04,Yale,5,Robert Morris,4,1,Non-Conference
2025-01-04,Saint Michael's,1,Mercyhurst,11,0,Non-Conference
2025-01-04,Colgate,4,Clarkson,2,0,ECAC
2025-01-04,Harvard,1,Dartmouth,1,1,ECAC
2025-01-04,Quinnipiac,4,Rensselaer,0,0,ECAC
2025-01-04,Cornell,2,St. Lawrence,2,1,ECAC
2025-01-04,Princeton,5,Union,2,0,ECAC
2025-01-04,Ohio State,3,Wisconsin,3,1,WCHA
2025-01-04,Providence,4,Merrimack,1,0,Hockey East
2025-01-04,Holy Cross,0,Northeastern,4,0,Hockey East
2025-01-05,Saint Michael's,0,Mercyhurst,6,0,Non-Conference
2025-01-05,Maine,0,Boston College,5,0,Hockey East
2025-01-05,Vermont,2,Connecticut,3,0,Hockey East
2025-01-07,New Hampshire,0,Boston College,4,0,Hockey East
2025-01-07,Yale,3,Northeastern,4,0,Non-Conference
2025-01-08,Sacred Heart,0,Brown,3,0,Non-Conference
2025-01-08,Dartmouth,9,Saint Anselm,1,0,Non-Conference
2025-01-10,RIT,0,Penn State,3,0,AHA
2025-01-10,Robert Morris,3,Lindenwood,3,1,AHA
2025-01-10,Mercyhurst,2,Syracuse,1,0,AHA
2025-01-10,Cornell,2,Colgate,1,0,ECAC
2025-01-10,Princeton,3,Quinnipiac,1,0,ECAC
2025-01-10,Clarkson,8,Rensselaer,3,0,ECAC
2025-01-10,St. Lawrence,4,Union,2,0,ECAC
2025-01-10,Stonehill,2,Long Island,0,0,NEWHA
2025-01-10,Sacred Heart,3,Saint Anselm,2,0,NEWHA
2025-01-10,Assumption,1,Franklin Pierce,3,0,NEWHA
2025-01-10,Saint Michael's,1,Post,3,0,NEWHA
2025-01-10,Maine,3,Harvard,2,1,Non-Conference
2025-01-10,St. Cloud State,0,Minnesota-Duluth,3,0,WCHA
2025-01-10,Minnesota State,2,Wisconsin,6,0,WCHA
2025-01-10,St. Thomas,2,Minnesota,4,0,WCHA
2025-01-10,Bemidji State,0,Ohio State,6,0,WCHA
2025-01-10,New Hampshire,5,Merrimack,3,0,Hockey East
2025-01-10,Holy Cross,1,Providence,3,0,Hockey East
2025-01-10,Boston University,2,Vermont,1,0,Hockey East
2025-01-11,RIT,2,Penn State,3,0,AHA
2025-01-11,Robert Morris,3,Lindenwood,0,0,AHA
2025-01-11,Mercyhurst,4,Syracuse,2,0,AHA
2025-01-11,Sacred Heart,2,Saint Anselm,2,1,NEWHA
2025-01-11,Stonehill,2,Long Island,1,0,NEWHA
2025-01-11,Saint Michael's,3,Post,2,0,NEWHA
2025-01-11,Franklin Pierce,2,Assumption,1,0,NEWHA
2025-01-11,St. Thomas,1,Minnesota,5,0,WCHA
2025-01-11,Minnesota State,1,Wisconsin,3,0,WCHA
2025-01-11,St. Cloud State,0,Minnesota-Duluth,3,0,WCHA
2025-01-11,Bemidji State,0,Ohio State,4,0,WCHA
2025-01-11,Colgate,4,Cornell,2,0,ECAC
2025-01-11,St. Lawrence,2,Rensselaer,0,0,ECAC
2025-01-11,Clarkson,4,Union,0,0,ECAC
2025-01-11,Holy Cross,0,Providence,1,0,Hockey East
2025-01-11,Boston University,2,Vermont,3,0,Hockey East
2025-01-11,Princeton,1,Yale,2,1,Non-Conference
2025-01-14,Harvard,1,Boston University,2,1,Non-Conference
2025-01-14,Cornell,6,Syracuse,3,0,Non-Conference
2025-01-14,Boston College,2,Northeastern,4,0,Non-Conference
2025-01-16,Franklin Pierce,2,Post,3,0,NEWHA
2025-01-17,Vermont,0,Boston College,3,0,Hockey East
2025-01-17,Maine,2,Connecticut,2,1,Hockey East
2025-01-17,Merrimack,1,Holy Cross,1,1,Hockey East
2025-01-17,Northeastern,1,Providence,5,0,Hockey East
2025-01-17,Stonehill,3,Sacred Heart,3,1,NEWHA
2025-01-17,Saint Anselm,3,Saint Michael's,1,0,NEWHA
2025-01-17,Long Island,3,Assumption,1,0,NEWHA
2025-01-17,Bemidji State,0,St. Cloud State,3,0,WCHA
2025-01-17,Minnesota State,3,Minnesota,8,0,WCHA
2025-01-17,Ohio State,3,Minnesota-Duluth,1,0,WCHA
2025-01-17,Wisconsin,6,St. Thomas,1,0,WCHA
2025-01-17,Lindenwood,1,Mercyhurst,3,0,AHA
2025-01-17,RIT,2,Robert Morris,0,0,AHA
2025-01-17,Penn State,1,Syracuse,0,1,AHA
2025-01-17,Yale,2,Clarkson,1,0,ECAC
2025-01-17,Quinnipiac,2,Colgate,4,0,ECAC
2025-01-17,Princeton,1,Cornell,6,0,ECAC
2025-01-17,Union,1,Dartmouth,2,0,ECAC
2025-01-17,Rensselaer,3,Harvard,1,0,ECAC
2025-01-17,Brown,4,St. Lawrence,3,1,ECAC
2025-01-18,Boston University,0,New Hampshire,2,0,Hockey East
2025-01-18,Holy Cross,2,Merrimack,2,1,Hockey East
2025-01-18,Providence,3,Northeastern,2,0,Hockey East
2025-01-18,Maine,0,Connecticut,3,0,Hockey East
2025-01-18,Bemidji State,2,St. Cloud State,3,0,WCHA
2025-01-18,Minnesota,5,Minnesota State,2,0,WCHA
2025-01-18,Wisconsin,11,St. Thomas,1,0,WCHA
2025-01-18,Ohio State,2,Minnesota-Duluth,1,0,WCHA
2025-01-18,Lindenwood,2,Mercyhurst,5,0,AHA
2025-01-18,Penn State,4,Syracuse,0,0,AHA
2025-01-18,RIT,4,Robert Morris,5,1,AHA
2025-01-18,Long Island,2,Assumption,1,0,NEWHA
2025-01-18,Stonehill,3,Sacred Heart,0,0,NEWHA
2025-01-18,Saint Anselm,1,Saint Michael's,2,0,NEWHA
2025-01-18,Brown,3,Clarkson,2,1,ECAC
2025-01-18,Princeton,0,Colgate,4,0,ECAC
2025-01-18,Quinnipiac,1,Cornell,4,0,ECAC
2025-01-18,Rensselaer,0,Dartmouth,0,1,ECAC
2025-01-18,Union,3,Harvard,2,1,ECAC
2025-01-18,Yale,0,St. Lawrence,1,0,ECAC
2025-01-21,Boston College,4,Harvard,1,0,Non-Conference
2025-01-21,Boston University,0,Northeastern,4,0,Non-Conference
2025-01-23,Minnesota-Duluth,2,St. Thomas,3,0,WCHA
2025-01-24,Assumption,1,Post,2,1,NEWHA
2025-01-24,Saint Michael's,2,Stonehill,4,0,NEWHA
2025-01-24,Saint Anselm,1,Franklin Pierce,1,1,NEWHA
2025-01-24,Syracuse,1,RIT,2,0,AHA
2025-01-24,Penn State,3,Lindenwood,1,0,AHA
2025-01-24,Robert Morris,0,Mercyhurst,7,0,AHA
2025-01-24,St. Lawrence,6,Clarkson,5,0,ECAC
2025-01-24,Cornell,2,Dartmouth,2,1,ECAC
2025-01-24,Colgate,3,Harvard,2,1,ECAC
2025-01-24,Brown,2,Princeton,2,1,ECAC
2025-01-24,Yale,1,Quinnipiac,2,0,ECAC
2025-01-24,Rensselaer,1,Union,2,0,ECAC
2025-01-24,Boston University,2,Holy Cross,0,0,Hockey East
2025-01-24,New Hampshire,1,Maine,2,0,Hockey East
2025-01-24,Boston College,1,Providence,4,0,Hockey East
2025-01-24,Connecticut,3,Vermont,2,1,Hockey East
2025-01-24,Merrimack,0,Northeastern,4,0,Hockey East
2025-01-24,Bemidji State,1,Minnesota,4,0,WCHA
2025-01-24,Minnesota State,2,Ohio State,5,0,WCHA
2025-01-24,Minnesota-Duluth,3,St. Thomas,4,1,WCHA
2025-01-25,Bemidji State,1,Minnesota,3,0,WCHA
2025-01-25,St. Cloud State,2,Wisconsin,5,0,WCHA
2025-01-25,Minnesota State,1,Ohio State,4,0,WCHA
2025-01-25,Robert Morris,0,Mercyhurst,6,0,AHA
2025-01-25,Penn State,4,Lindenwood,0,0,AHA
2025-01-25,RIT,2,Syracuse,3,0,AHA
2025-01-25,Saint Michael's,0,Stonehill,3,0,NEWHA
2025-01-25,Franklin Pierce,4,Saint Anselm,6,0,NEWHA
2025-01-25,Post,2,Assumption,0,0,NEWHA
2025-01-25,Sacred Heart,1,Long Island,0,0,NEWHA
2025-01-25,Providence,1,Boston College,2,1,Hockey East
2025-01-25,Holy Cross,0,Boston University,3,0,Hockey East
2025-01-25,New Hampshire,3,Maine,4,0,Hockey East
2025-01-25,Connecticut,1,Vermont,0,0,Hockey East
2025-01-25,Northeastern,4,Merrimack,1,0,Hockey East
2025-01-25,Colgate,4,Dartmouth,1,0,ECAC
2025-01-25,Cornell,6,Harvard,1,0,ECAC
2025-01-25,Yale,0,Princeton,3,0,ECAC
2025-01-25,Brown,0,Quinnipiac,0,1,ECAC
2025-01-25,Clarkson,1,St. Lawrence,0,0,ECAC
2025-01-25,Rensselaer,2,Union,3,0,Non-Conference
2025-01-26,Long Island,3,Sacred Heart,0,0,NEWHA
2025-01-26,St. Cloud State,2,Wisconsin,2,1,WCHA
2025-01-31,Maine,2,Providence,3,1,Hockey East
2025-01-31,New Hampshire,1,Holy Cross,0,0,Hockey East
2025-01-31,Boston College,2,Boston University,3,0,Hockey East
2025-01-31,Merrimack,1,Connecticut,3,0,Hockey East
2025-01-31,Vermont,1,Northeastern,0,0,Hockey East
2025-01-31,St. Thomas,2,St. Cloud State,5,0,WCHA
2025-01-31,Minnesota State,2,Bemidji State,3,1,WCHA
2025-01-31,Ohio State,1,Minnesota,3,0,WCHA
2025-01-31,Wisconsin,2,Minnesota-Duluth,1,1,WCHA
2025-01-31,Penn State,5,Robert Morris,0,0,AHA
2025-01-31,Lindenwood,2,Syracuse,5,0,AHA
2025-01-31,Mercyhurst,3,RIT,2,0,AHA
2025-01-31,Franklin Pierce,3,Stonehill,2,0,NEWHA
2025-01-31,Assumption,1,Sacred Heart,2,0,NEWHA
2025-01-31,Long Island,2,Saint Michael's,1,1,NEWHA
2025-01-31,Saint Anselm,3,Post,1,0,NEWHA
2025-01-31,Union,2,Brown,1,0,ECAC
2025-01-31,Clarkson,1,Colgate,2,1,ECAC
2025-01-31,St. Lawrence,0,Cornell,6,0,ECAC
2025-01-31,Dartmouth,2,Princeton,3,1,ECAC
2025-01-31,Harvard,1,Quinnipiac,2,0,ECAC
2025-01-31,Rensselaer,0,Yale,3,0,ECAC
2025-02-01,Maine,0,Holy Cross,1,1,Hockey East
2025-02-01,New Hampshire,3,Providence,4,1,Hockey East
2025-02-01,Vermont,1,Boston University,4,0,Hockey East
2025-02-01,Boston College,3,Merrimack,5,0,Hockey East
2025-02-01,Northeastern,4,Connecticut,3,1,Hockey East
2025-02-01,Lindenwood,0,Syracuse,5,0,AHA
2025-02-01,Mercyhurst,1,RIT,1,1,AHA
2025-02-01,Penn State,5,Robert Morris,2,0,AHA
2025-02-01,Ohio State,7,Minnesota,3,0,WCHA
2025-02-01,St. Cloud State,1,St. Thomas,2,1,WCHA
2025-02-01,Minnesota State,5,Bemidji State,1,0,WCHA
2025-02-01,Wisconsin,2,Minnesota-Duluth,1,0,WCHA
2025-02-01,Saint Anselm,0,Post,3,0,NEWHA
2025-02-01,Long Island,2,Saint Michael's,1,1,NEWHA
2025-02-01,Stonehill,2,Franklin Pierce,3,1,NEWHA
2025-02-01,Sacred Heart,2,Assumption,0,0,NEWHA
2025-02-01,Rensselaer,3,Brown,4,0,ECAC
2025-02-01,St. Lawrence,2,Colgate,3,1,ECAC
2025-02-01,Clarkson,1,Cornell,2,0,ECAC
2025-02-01,Harvard,0,Princeton,2,0,ECAC
2025-02-01,Dartmouth,0,Quinnipiac,3,0,ECAC
2025-02-01,Union,2,Yale,3,0,ECAC
2025-02-04,Boston University,3,Northeastern,2,1,Hockey East
2025-02-06,Merrimack,3,New Hampshire,4,1,Hockey East
2025-02-06,Vermont,1,Boston College,7,0,Hockey East
2025-02-07,RIT,4,Lindenwood,1,0,AHA
2025-02-07,Mercyhurst,3,Penn State,4,1,AHA
2025-02-07,Syracuse,4,Robert Morris,1,0,AHA
2025-02-07,St. Cloud State,3,Minnesota State,1,0,WCHA
2025-02-07,St. Thomas,4,Ohio State,5,1,WCHA
2025-02-07,Minnesota-Duluth,2,Bemidji State,0,0,WCHA
2025-02-07,Franklin Pierce,2,Long Island,3,0,NEWHA
2025-02-07,Post,2,Stonehill,5,0,NEWHA
2025-02-07,Saint Michael's,3,Sacred Heart,1,0,NEWHA
2025-02-07,Saint Anselm,0,Assumption,2,0,NEWHA
2025-02-07,Harvard,1,Brown,3,0,ECAC
2025-02-07,Princeton,2,Clarkson,2,1,ECAC
2025-02-07,Cornell,4,Rensselaer,0,0,ECAC
2025-02-07,Quinnipiac,1,St. Lawrence,2,0,ECAC
2025-02-07,Colgate,2,Union,1,0,ECAC
2025-02-07,Dartmouth,2,Yale,5,0,ECAC
2025-02-07,Connecticut,3,Boston University,1,0,Hockey East
2025-02-07,Providence,3,Holy Cross,2,0,Hockey East
2025-02-07,Northeastern,0,Maine,2,0,Hockey East
2025-02-08,St. Thomas,1,Ohio State,5,0,WCHA
2025-02-08,St. Cloud State,2,Minnesota State,2,1,WCHA
2025-02-08,Minnesota,2,Wisconsin,8,0,WCHA
2025-02-08,Minnesota-Duluth,6,Bemidji State,0,0,WCHA
2025-02-08,RIT,4,Lindenwood,3,1,AHA
2025-02-08,Mercyhurst,3,Penn State,2,0,AHA
2025-02-08,Syracuse,5,Robert Morris,1,0,AHA
2025-02-08,Assumption,3,Saint Anselm,4,0,NEWHA
2025-02-08,Saint Michael's,1,Sacred Heart,5,0,NEWHA
2025-02-08,Franklin Pierce,1,Long Island,2,0,NEWHA
2025-02-08,Stonehill,1,Post,0,0,NEWHA
2025-02-08,Dartmouth,0,Brown,3,0,ECAC
2025-02-08,Quinnipiac,1,Clarkson,3,0,ECAC
2025-02-08,Colgate,2,Rensselaer,3,1,ECAC
2025-02-08,Princeton,2,St. Lawrence,3,0,ECAC
2025-02-08,Cornell,2,Union,1,0,ECAC
2025-02-08,Harvard,0,Yale,3,0,ECAC
2025-02-08,Providence,1,Boston University,4,0,Hockey East
2025-02-08,New Hampshire,3,Merrimack,2,0,Hockey East
2025-02-08,Boston College,2,Vermont,3,0,Hockey East
2025-02-08,Holy Cross,0,Connecticut,1,0,Hockey East
2025-02-09,Minnesota,1,Wisconsin,6,0,WCHA
2025-02-13,Post,3,Long Island,5,0,NEWHA
2025-02-14,Long Island,2,Post,3,0,NEWHA
2025-02-14,Sacred Heart,2,Franklin Pierce,4,0,NEWHA
2025-02-14,Stonehill,2,Saint Anselm,2,1,NEWHA
2025-02-14,Saint Michael's,1,Assumption,3,0,NEWHA
2025-02-14,Maine,1,Merrimack,1,1,Hockey East
2025-02-14,Northeastern,5,Boston College,4,1,Hockey East
2025-02-14,Providence,3,Connecticut,1,0,Hockey East
2025-02-14,Boston University,2,New Hampshire,1,0,Hockey East
2025-02-14,Penn State,4,RIT,1,0,AHA
2025-02-14,Syracuse,3,Mercyhurst,5,0,AHA
2025-02-14,Lindenwood,5,Robert Morris,1,0,AHA
2025-02-14,Minnesota State,2,Minnesota-Duluth,8,0,WCHA
2025-02-14,St. Cloud State,4,Minnesota,3,0,WCHA
2025-02-14,Bemidji State,5,St. Thomas,0,0,WCHA
2025-02-14,Yale,0,Colgate,3,0,ECAC
2025-02-14,Brown,2,Cornell,6,0,ECAC
2025-02-14,St. Lawrence,0,Dartmouth,2,0,ECAC
2025-02-14,Clarkson,4,Harvard,0,0,ECAC
2025-02-14,Union,1,Princeton,2,1,ECAC
2025-02-14,Rensselaer,1,Quinnipiac,7,0,ECAC
2025-02-15,Sacred Heart,0,Franklin Pierce,2,0,NEWHA
2025-02-15,Saint Anselm,4,Stonehill,4,1,NEWHA
2025-02-15,Saint Michael's,1,Assumption,4,0,NEWHA
2025-02-15,Syracuse,4,Mercyhurst,2,0,AHA
2025-02-15,Lindenwood,6,Robert Morris,2,0,AHA
2025-02-15,Penn State,2,RIT,1,1,AHA
2025-02-15,Maine,3,Merrimack,0,0,Hockey East
2025-02-15,Connecticut,2,Providence,4,0,Hockey East
2025-02-15,New Hampshire,2,Boston University,2,1,Hockey East
2025-02-15,Vermont,0,Holy Cross,1,0,Hockey East
2025-02-15,Minnesota State,1,Minnesota-Duluth,4,0,WCHA
2025-02-15,Minnesota,2,St. Cloud State,1,0,WCHA
2025-02-15,Bemidji State,3,St. Thomas,4,0,WCHA
2025-02-15,Brown,1,Colgate,3,0,ECAC
2025-02-15,Yale,1,Cornell,1,1,ECAC
2025-02-15,Clarkson,4,Dartmouth,1,0,ECAC
2025-02-15,St. Lawrence,6,Harvard,2,0,ECAC
2025-02-15,Rensselaer,4,Princeton,3,0,ECAC
2025-02-15,Union,1,Quinnipiac,3,0,ECAC
2025-02-16,Boston College,,Northeastern,,0,Hockey East
2025-02-16,Vermont,,Holy Cross,,0,Hockey East
2025-02-21,Northeastern,,Vermont,,0,Hockey East
2025-02-21,Boston University,,Connecticut,,0,Hockey East
2025-02-21,Holy Cross,,Maine,,0,Hockey East
2025-02-21,Providence,,Merrimack,,0,Hockey East
2025-02-21,New Hampshire,,Boston College,,0,Hockey East
2025-02-21,Stonehill,,Assumption,,0,NEWHA
2025-02-21,Long Island,,Saint Anselm,,0,NEWHA
2025-02-21,Post,,Sacred Heart,,0,NEWHA
2025-02-21,Franklin Pierce,,Saint Michael's,,0,NEWHA
2025-02-21,Wisconsin,,Bemidji State,,0,WCHA
2025-02-21,Minnesota-Duluth,,Minnesota,,0,WCHA
2025-02-21,St. Thomas,,Minnesota State,,0,WCHA
2025-02-21,St. Cloud State,,Ohio State,,0,WCHA
2025-02-22,Long Island,,Saint Anselm,,0,NEWHA
2025-02-22,Assumption,,Stonehill,,0,NEWHA
2025-02-22,Sacred Heart,,Post,,0,NEWHA
2025-02-22,Franklin Pierce,,Saint Michael's,,0,NEWHA
2025-02-22,Merrimack,,Providence,,0,Hockey East
2025-02-22,Northeastern,,Vermont,,0,Hockey East
2025-02-22,Connecticut,,Boston University,,0,Hockey East
2025-02-22,Boston College,,New Hampshire,,0,Hockey East
2025-02-22,Holy Cross,,Maine,,0,Hockey East
2025-02-22,Minnesota-Duluth,,Minnesota,,0,WCHA
2025-02-22,Wisconsin,,Bemidji State,,0,WCHA
2025-02-22,St. Cloud State,,Ohio State,,0,WCHA
2025-02-22,Minnesota State,,St. Thomas,,0,WCHA
2025-02-22,Harvard,,Quinnipiac,,0,Non-Conference
2025-02-22,Union,,Brown,,0,Non-Conference
2025-02-22,Rensselaer,,Princeton,,0,Non-Conference
2025-02-22,Dartmouth,,Yale,,0,Non-Conference
2025-02-22,Robert Morris,,Syracuse,,0,Non-Conference
2025-02-22,Lindenwood,,RIT,,0,Non-Conference
